month,state,permit,permit_recheck,handgun,long_gun,other,multiple,admin,prepawn_handgun,prepawn_long_gun,prepawn_other,redemption_handgun,redemption_long_gun,redemption_other,returned_handgun,returned_long_gun,returned_other,rentals_handgun,rentals_long_gun,private_sale_handgun,private_sale_long_gun,private_sale_other,return_to_seller_handgun,return_to_seller_long_gun,return_to_seller_other,totals
2019-12,Alabama,33683,485,33020,25882,1560,1382,0,42,27,2,2538,1373,7,0,0,0,0,0,53,31,8,1,6,0,100100
2019-12,Alaska,386,13,3455,3080,397,215,0,2,0,0,112,99,2,29,18,0,0,0,18,13,1,0,0,0,7840
2019-12,Arizona,4536,649,18178,10423,1560,1109,0,8,4,0,1105,447,3,106,13,2,0,0,20,6,2,0,0,0,38171
2019-12,Arkansas,2339,638,8671,10957,531,458,3,10,10,0,995,1053,4,0,0,0,0,0,10,16,3,0,1,0,25699
2019-12,California,29544,0,40637,30780,4883,0,0,0,0,0,420,334,2,0,0,0,0,0,0,0,0,0,0,0,106600
2019-12,Colorado,4867,0,22531,16681,1762,1333,0,0,0,0,0,0,0,266,55,1,0,0,0,0,0,0,0,0,47496
2019-12,Connecticut,4329,384,5655,2215,706,0,0,0,0,0,0,0,0,0,0,0,0,0,0,0,0,0,0,0,13289
2019-12,Delaware,153,0,2075,2301,120,94,0,0,2,0,11,8,0,47,0,0,0,0,78,30,1,0,0,0,4920
2019-12,District of Columbia,623,0,101,1,0,1,0,0,0,0,0,0,0,1,0,28,0,0,0,0,0,0,0,0,755
2019-12,Florida,15238,0,67435,31580,4458,3150,0,36,19,0,3969,1204,12,940,95,25,0,0,292,172,39,68,57,0,128789
2019-12,Georgia,19493,0,21514,17664,880,807,0,21,21,4,1629,1055,8,38,0,0,0,0,14,3,0,1,2,0,63154
2019-12,Guam,0,0,180,86,18,10,0,0,0,0,0,0,0,0,0,0,0,0,0,0,0,0,0,0,294
2019-12,Hawaii,1195,0,0,0,0,0,0,0,0,0,0,0,0,0,4,0,0,0,0,0,0,0,0,0,1199
2019-12,Idaho,5207,5,6745,7111,514,328,0,4,7,0,308,314,1,36,14,2,0,0,5,6,0,1,1,0,20609
2019-12,Illinois,15241,493794,24792,13258,0,1107,0,0,0,0,0,0,0,0,0,0,0,0,0,0,0,0,0,0,548192
2019-12,Indiana,757,31033,26770,18746,2075,1239,11,6,6,2,616,355,30,10,0,0,0,0,50,44,14,2,0,0,81766
2019-12,Iowa,6589,8286,271,4421,81,3,1,0,0,0,2,51,0,28,11,0,0,0,0,3,0,0,0,0,19747
2019-12,Kansas,1324,12,8092,8653,716,476,0,7,7,4,602,281,10,31,2,1,0,0,17,7,1,0,1,0,20244
2019-12,Kentucky,1160,369253,16185,14471,729,753,42,31,15,0,1502,1071,1,4,4,0,0,0,31,32,3,1,1,2,405291
2019-12,Louisiana,943,103,14237,16743,912,767,0,11,10,0,904,681,11,0,0,0,0,0,16,20,0,0,0,0,35358
2019-12,Maine,301,3,3651,4119,348,211,8,1,0,0,67,63,1,19,8,0,0,0,4,2,0,0,0,0,8806
2019-12,Mariana Islands,0,0,8,0,2,0,0,0,0,0,0,0,0,0,0,0,0,0,0,0,0,0,0,0,10
2019-12,Maryland,3446,8,4175,6878,186,34,0,1,1,0,64,99,4,40,18,1,0,0,0,46,1,2,1,0,15005
2019-12,Massachusetts,6973,0,4516,2789,510,196,9,0,0,0,11,7,1,2,0,0,0,0,27,19,8,0,1,0,15069
2019-12,Michigan,15746,3453,14303,14075,1008,332,1,1,7,0,8,176,0,76,9,0,0,0,7,7,0,0,0,0,49209
2019-12,Minnesota,9676,25827,9835,11241,1023,514,0,4,8,1,172,231,3,118,5,0,0,0,18,23,2,0,0,0,58701
2019-12,Mississippi,1515,0,12935,14538,536,593,0,31,13,3,1472,1130,5,12,2,0,0,0,10,8,1,0,0,0,32804
2019-12,Missouri,3695,0,26084,22222,2346,1321,0,16,5,2,1364,738,12,174,31,5,0,0,57,45,7,1,4,0,58129
2019-12,Montana,1365,0,4169,5522,301,249,10,6,19,0,331,523,1,29,3,0,0,0,4,7,0,0,1,0,12540
2019-12,Nebraska,4689,91,173,3205,44,4,0,0,1,0,3,40,1,16,2,0,0,0,0,2,0,0,0,0,8271
2019-12,Nevada,1622,0,6307,3636,385,362,0,0,0,0,298,125,1,1,0,0,0,0,19,6,0,0,0,0,12762
2019-12,New Hampshire,1081,0,5471,3255,322,0,16,0,30,0,0,5,0,45,3,4,0,0,0,0,0,0,0,0,10232
2019-12,New Jersey,0,0,3747,4341,216,0,0,0,0,0,0,0,0,1,1,0,0,0,54,57,5,2,1,2,8427
2019-12,New Mexico,760,0,7794,5184,584,421,0,12,8,1,407,354,0,41,0,0,0,0,40,18,4,1,0,0,15629
2019-12,New York,3069,1461,8899,16654,1517,224,0,0,0,0,55,51,7,23,64,4,3,4,286,220,21,6,5,1,32574
2019-12,North Carolina,23541,75,2559,22945,1295,245,0,16,30,2,1759,1513,10,445,82,7,5,7,26,18,1,1,0,0,54582
2019-12,North Dakota,261,13,2155,3171,175,120,11,1,2,0,58,76,2,7,0,0,0,0,3,2,1,0,0,0,6058
2019-12,Ohio,9850,146,31054,23312,2223,1380,0,9,5,4,984,517,11,55,18,4,0,0,38,28,3,0,0,1,69642
2019-12,Oklahoma,2309,0,19110,14320,1574,1223,19,21,14,3,1659,1241,8,7,1,0,0,0,43,28,15,1,4,0,41600
2019-12,Oregon,5009,564,17610,14016,0,4,8,0,0,0,0,0,0,117,44,2,0,0,0,0,0,0,0,0,37374
2019-12,Pennsylvania,21995,0,53180,20278,32,0,265,0,0,0,0,0,0,532,99,1,0,0,0,0,0,0,0,0,96382
2019-12,Puerto Rico,0,0,1767,195,131,26,0,0,0,0,17,2,0,0,0,0,0,0,0,0,0,0,0,0,2138
2019-12,Rhode Island,0,0,1117,794,84,217,0,0,0,0,3,1,0,74,82,7,0,0,13,14,0,0,0,0,2406
2019-12,South Carolina,7891,197,14905,11857,1005,655,1,10,6,1,827,448,5,114,13,1,0,0,14,9,2,1,0,0,37962
2019-12,South Dakota,467,9,3264,4482,262,207,0,0,0,0,101,140,0,0,0,0,0,0,19,23,24,1,0,0,8999
2019-12,Tennessee,10319,26,35893,26800,1899,0,0,0,0,0,4,1,0,84,9,1,0,0,0,0,0,0,0,0,75036
2019-12,Texas,25456,0,69732,53386,4713,3398,4,56,39,3,5836,3381,29,70,6,0,0,0,61,60,9,0,1,1,166241
2019-12,Utah,11139,62935,5893,6783,407,0,0,0,6,1,237,258,0,142,52,30,0,0,0,0,0,0,0,0,87883
2019-12,Vermont,0,0,1610,1613,151,83,4,1,0,0,2,9,1,0,0,0,0,0,3,5,2,0,0,0,3484
2019-12,Virgin Islands,78,0,32,0,0,0,0,0,0,0,0,0,0,0,0,0,0,0,0,0,0,0,0,0,110
2019-12,Virginia,392,406,37790,29539,8357,0,2,0,0,0,0,0,0,60,12,1,0,0,0,0,0,0,0,0,76559
2019-12,Washington,13500,404,20508,11752,3724,51,9,5,152,7,319,585,25,529,82,10,0,0,222,259,86,0,4,1,52234
2019-12,West Virginia,1616,98,8815,9944,415,490,0,5,7,0,816,758,2,5,0,0,0,0,10,9,0,0,0,0,22990
2019-12,Wisconsin,7738,509,17195,14486,1223,41,0,0,1,9,115,145,6,81,29,3,0,0,0,3,0,0,0,0,41584
2019-12,Wyoming,543,7,3293,3077,212,152,1,3,3,0,116,136,2,0,0,0,0,0,7,4,0,0,0,0,7556
2019-11,Alabama,26375,472,24005,19212,1161,1286,0,32,26,1,3017,1968,20,0,0,0,0,0,46,31,3,1,1,0,77657
2019-11,Alaska,238,10,3003,2980,368,260,0,0,0,0,152,86,2,32,28,0,0,0,30,20,4,0,0,0,7213
2019-11,Arizona,4524,650,13775,8180,1131,1182,0,6,6,1,1199,558,6,86,14,0,0,0,20,9,4,1,0,0,31352
2019-11,Arkansas,2319,649,6814,9628,321,542,4,21,8,0,1145,1707,5,0,0,0,0,0,5,20,2,0,2,0,23192
2019-11,California,29002,0,34345,25063,3564,0,0,0,0,0,462,312,17,0,0,0,0,0,0,0,0,0,0,0,92765
2019-11,Colorado,4765,0,17950,13946,1475,1272,0,0,0,0,0,0,0,225,49,0,0,0,0,0,0,0,0,0,39682
2019-11,Connecticut,5513,355,4908,2321,692,0,0,0,0,0,0,0,0,0,0,0,0,0,0,0,0,0,0,0,13789
2019-11,Delaware,154,0,1684,2063,95,88,0,3,0,0,12,14,0,48,0,0,0,0,68,28,1,0,0,0,4258
2019-11,District of Columbia,459,0,103,1,0,1,3,0,0,0,0,0,0,1,0,27,0,0,0,0,0,0,0,0,595
2019-11,Florida,14070,0,54799,24497,3666,2924,0,41,18,0,4365,1419,6,902,84,27,0,0,197,138,29,53,39,0,107274
2019-11,Georgia,14625,0,16171,13002,653,721,0,27,20,0,1926,1394,8,38,2,0,0,0,8,7,2,0,0,0,48604
2019-11,Guam,0,0,98,65,12,5,0,0,0,1,0,0,0,0,0,0,0,0,0,0,0,0,0,0,181
2019-11,Hawaii,921,0,0,0,0,0,0,0,0,0,0,0,0,2,0,0,0,0,0,0,0,0,0,0,923
2019-11,Idaho,5124,7,4875,5774,426,330,0,7,4,1,379,389,1,35,9,2,0,0,5,15,0,2,0,0,17385
2019-11,Illinois,12356,403014,21597,12115,0,1002,0,0,0,0,0,0,0,0,0,0,0,0,0,0,0,0,0,0,450084
2019-11,Indiana,668,35253,21903,17950,1776,1067,24,4,7,0,664,532,13,13,0,1,0,0,46,34,43,2,2,0,80002
2019-11,Iowa,6123,9707,348,4487,58,9,1,0,1,0,1,48,0,22,11,1,0,0,0,2,0,0,0,0,20819
2019-11,Kansas,1040,4,7143,7349,606,452,0,10,6,0,641,345,9,19,7,0,0,0,7,3,1,1,0,0,17643
2019-11,Kentucky,1372,360423,12094,12686,528,738,5,29,19,0,1927,1851,2,12,12,0,0,0,20,27,0,0,2,0,391747
2019-11,Louisiana,620,65,11282,13282,687,660,1,11,7,0,1033,1005,6,2,0,0,0,0,8,21,1,0,1,0,28692
2019-11,Maine,278,6,2839,4424,292,194,8,0,1,0,94,112,0,18,14,0,0,0,7,7,2,1,0,0,8297
2019-11,Mariana Islands,0,0,6,6,1,0,0,0,0,0,0,0,0,0,0,0,0,0,0,0,0,0,0,0,13
2019-11,Maryland,3281,27,3447,7153,140,43,0,3,1,0,71,156,2,77,12,4,0,0,0,37,0,2,3,0,14459
2019-11,Massachusetts,8291,0,4651,2868,541,175,12,0,0,0,10,9,1,0,0,0,0,0,40,30,17,2,2,0,16649
2019-11,Michigan,13890,3292,13255,19391,747,357,2,1,8,0,10,359,0,97,8,0,0,0,11,10,1,0,0,0,51439
2019-11,Minnesota,8681,22075,9148,13550,902,508,0,1,2,1,210,332,3,56,18,5,0,0,10,7,0,2,0,0,55511
2019-11,Mississippi,1509,0,9210,11603,439,466,0,24,14,1,1658,1536,6,11,0,0,0,0,8,7,2,0,0,0,26494
2019-11,Missouri,2721,0,21090,21032,1659,1238,0,13,9,0,1594,1374,5,160,22,3,0,0,42,32,7,4,2,1,51008
2019-11,Montana,1082,7,3032,4517,226,233,23,3,7,0,399,711,0,40,7,1,0,0,1,3,2,1,0,0,10295
2019-11,Nebraska,2928,67,128,2954,21,9,0,0,0,0,7,64,0,24,1,0,0,0,0,5,0,0,0,0,6208
2019-11,Nevada,1546,0,4892,2873,340,318,0,0,0,0,300,139,1,0,0,0,0,0,11,3,0,0,1,0,10424
2019-11,New Hampshire,1001,3,4803,3289,291,2,34,0,14,0,0,12,0,73,13,3,0,0,0,0,0,0,0,0,9538
2019-11,New Jersey,0,0,3721,3914,200,0,0,0,0,0,0,0,0,0,0,0,0,0,64,48,4,0,2,2,7955
2019-11,New Mexico,540,0,6317,4586,527,491,0,13,13,1,427,462,4,50,0,0,0,0,54,18,3,0,2,0,13508
2019-11,New York,3276,1504,8355,18336,1329,254,0,0,2,0,52,53,5,29,72,1,2,2,275,251,18,10,6,0,33832
2019-11,North Carolina,20804,72,2394,18720,1086,263,0,20,16,5,2153,1869,12,477,161,12,10,8,4,20,0,0,1,0,48107
2019-11,North Dakota,274,16,1731,3237,135,105,18,0,0,0,62,145,0,7,0,0,0,0,8,0,0,0,0,0,5738
2019-11,Ohio,9271,100,25230,24933,2034,1390,6,8,9,0,1137,823,7,57,19,0,0,0,28,33,3,2,1,1,65092
2019-11,Oklahoma,2483,0,18679,12894,1279,1417,0,20,16,1,2138,1788,7,10,0,1,1,0,36,35,13,3,1,1,40823
2019-11,Oregon,4844,653,15105,11503,0,9,4,0,0,0,0,0,0,131,56,0,0,0,0,0,0,0,0,0,32305
2019-11,Pennsylvania,18877,0,49972,22212,39,0,245,0,0,0,0,0,0,547,118,1,0,0,0,0,0,0,0,0,92011
2019-11,Puerto Rico,0,0,1902,203,114,30,0,0,0,1,20,3,0,0,0,0,0,0,0,0,0,0,0,0,2273
2019-11,Rhode Island,0,0,1039,747,57,174,0,0,0,0,3,0,0,52,54,0,0,0,13,9,0,0,1,0,2149
2019-11,South Carolina,7254,179,11531,9303,822,745,0,18,12,0,965,546,9,168,14,1,0,0,16,9,1,0,0,0,31593
2019-11,South Dakota,409,2,2687,4634,205,216,0,1,3,0,120,217,0,0,0,0,0,0,2,8,5,1,0,0,8510
2019-11,Tennessee,8140,37,27826,21101,1706,0,0,0,0,0,1,2,0,68,9,0,0,0,0,0,0,0,0,0,58890
2019-11,Texas,23710,0,57252,41942,3592,3519,0,81,49,4,6229,3981,42,75,3,0,0,0,60,47,6,3,3,0,140598
2019-11,Utah,11392,54755,4095,5038,388,0,0,1,3,0,245,253,1,130,31,22,0,0,0,0,0,0,0,0,76354
2019-11,Vermont,0,0,1176,1739,106,61,3,0,0,0,5,1,1,0,0,0,0,0,2,0,0,0,0,0,3094
2019-11,Virgin Islands,218,0,21,2,0,1,0,0,0,0,0,0,0,0,0,0,0,0,0,0,0,0,0,0,242
2019-11,Virginia,438,458,27949,23374,5338,2,2,0,0,0,0,0,0,84,17,0,0,0,0,0,0,0,0,0,57662
2019-11,Washington,11440,374,13487,10163,2902,49,29,3,102,3,363,708,12,487,95,8,0,0,244,226,63,0,6,0,40764
2019-11,West Virginia,1536,155,5980,9834,299,406,0,9,11,0,943,1648,1,4,0,0,0,0,13,10,1,0,1,0,20851
2019-11,Wisconsin,8109,559,15182,18344,1020,65,0,0,0,11,125,336,4,104,36,5,0,0,0,9,0,0,0,0,43909
2019-11,Wyoming,251,16,2094,2425,169,129,0,3,5,0,141,163,2,0,0,0,0,0,4,7,0,1,1,0,5411
2019-10,Alabama,25615,635,16759,13692,1078,938,0,31,20,2,2883,1515,19,1,1,0,0,0,34,24,6,0,1,0,63254
2019-10,Alaska,168,5,3304,3510,392,302,0,0,0,0,281,243,0,31,12,0,0,0,23,9,0,1,0,0,8281
2019-10,Arizona,5151,686,11543,7509,1138,798,0,12,8,1,1208,620,5,103,14,0,0,0,21,13,3,0,0,0,28833
2019-10,Arkansas,3031,825,4809,7173,351,391,3,12,15,0,1074,1585,7,0,0,0,0,0,13,11,2,0,1,0,19303
2019-10,California,36057,0,32128,23005,4198,0,0,0,0,0,489,365,10,0,0,0,0,0,0,0,0,0,0,0,96252
2019-10,Colorado,6006,0,15537,13269,1347,1021,0,0,0,0,0,0,0,332,52,0,0,0,0,0,0,0,0,0,37564
2019-10,Connecticut,5230,505,4347,1990,502,0,0,0,0,0,0,0,0,0,0,0,0,0,0,0,0,0,0,0,12574
2019-10,Delaware,199,0,1624,1749,116,101,0,2,3,0,14,9,0,56,0,0,0,0,59,40,8,1,1,0,3982
2019-10,District of Columbia,814,0,113,3,0,2,1,0,0,0,0,0,0,0,0,0,0,0,0,0,0,0,0,0,933
2019-10,Florida,16293,0,47504,19816,3830,2494,3,47,13,0,4194,1357,8,950,124,32,0,0,235,147,38,67,62,0,97214
2019-10,Georgia,17918,0,11105,9858,598,644,0,25,16,4,1853,1368,4,7,1,0,0,0,10,5,1,0,0,0,43417
2019-10,Guam,0,0,125,69,14,8,0,0,0,0,1,0,0,0,0,0,0,0,0,0,0,0,0,0,217
2019-10,Hawaii,1099,0,0,0,0,0,0,0,0,0,0,0,0,1,2,0,0,0,0,0,0,0,0,0,1102
2019-10,Idaho,8467,8,3784,5530,375,243,0,5,12,0,368,526,0,42,14,0,0,0,4,13,1,0,0,0,19392
2019-10,Illinois,12414,437512,17482,10040,0,881,0,0,0,0,0,0,0,0,0,0,0,0,0,0,0,0,0,0,478329
2019-10,Indiana,759,44436,16204,12595,1528,775,24,10,4,3,681,457,24,21,1,0,0,0,42,106,34,6,3,0,77713
2019-10,Iowa,5707,7641,174,2940,46,4,1,0,0,0,1,40,0,37,14,0,0,0,0,0,0,0,0,0,16605
2019-10,Kansas,1270,8,4917,5227,480,330,0,10,5,3,635,352,4,51,9,3,0,0,9,7,3,1,0,0,13324
2019-10,Kentucky,2238,279272,8759,8890,455,612,0,22,28,1,1834,1489,1,6,5,0,0,0,17,18,2,1,0,0,303650
2019-10,Louisiana,1606,193,8450,11231,674,568,1,11,15,2,1004,1086,8,0,0,0,0,0,17,25,2,0,0,0,24893
2019-10,Maine,430,4,2997,5699,294,209,2,2,1,0,79,145,0,21,21,0,0,0,2,4,2,0,0,0,9912
2019-10,Mariana Islands,0,0,11,4,0,1,0,0,0,0,0,0,0,0,0,0,0,0,0,0,0,0,0,0,16
2019-10,Maryland,4065,9,3372,5731,132,37,0,3,0,0,69,154,0,78,27,0,0,0,0,35,1,2,4,1,13720
2019-10,Massachusetts,10709,0,4064,2561,473,147,1,0,0,0,12,14,0,0,0,0,0,0,43,24,10,0,1,0,18059
2019-10,Michigan,16577,3865,9550,12790,685,243,2,1,5,0,9,254,1,74,5,0,0,0,11,5,1,0,0,0,44078
2019-10,Minnesota,11039,24658,8762,16263,909,514,0,1,3,0,218,422,1,68,14,3,0,0,12,30,1,1,1,0,62920
2019-10,Mississippi,2056,0,6506,7086,369,342,0,23,13,0,1564,1143,4,36,4,0,0,0,9,9,0,1,2,0,19167
2019-10,Missouri,3109,0,16633,18732,1646,1142,0,15,9,2,1529,1145,3,345,68,5,0,0,58,41,9,4,3,0,44498
2019-10,Montana,1355,2,2612,5541,251,278,14,4,16,2,396,971,0,32,4,5,0,0,8,4,1,0,0,0,11496
2019-10,Nebraska,3365,73,81,2182,21,2,0,0,0,0,5,51,1,18,5,0,0,0,0,3,0,0,0,0,5807
2019-10,Nevada,2454,0,4402,2573,298,257,0,0,0,0,315,137,0,0,0,0,0,0,18,9,1,0,0,0,10464
2019-10,New Hampshire,1294,2,4876,3219,216,1,38,0,18,0,0,16,0,59,8,5,0,0,0,2,0,0,0,0,9754
2019-10,New Jersey,0,0,3756,3226,229,0,0,0,0,0,0,0,0,1,0,0,0,0,58,51,2,1,3,0,7327
2019-10,New Mexico,809,0,5518,3964,512,352,0,13,12,0,432,515,1,70,0,0,0,0,39,23,1,2,2,0,12265
2019-10,New York,3504,2577,8810,16600,1272,245,0,0,3,0,42,46,3,51,109,0,7,2,315,360,20,6,10,0,33982
2019-10,North Carolina,22917,50,1370,12811,1014,221,0,14,29,1,1970,1813,9,523,111,12,10,5,4,14,4,1,0,0,42903
2019-10,North Dakota,297,14,1446,3638,143,105,6,1,0,0,66,134,1,4,1,0,0,0,25,3,2,0,0,0,5886
2019-10,Ohio,10826,195,18896,16127,1706,1124,15,12,7,2,1124,633,4,84,26,3,0,0,28,15,5,1,1,0,50834
2019-10,Oklahoma,3398,0,10536,9256,1064,930,0,21,21,2,1922,1545,10,4,2,0,0,0,43,30,5,1,4,0,28794
2019-10,Oregon,5238,833,13377,10705,0,6,2,0,0,0,0,0,0,156,78,0,0,0,0,0,0,0,0,0,30395
2019-10,Pennsylvania,23379,0,44371,17094,54,0,336,0,0,0,0,0,0,711,120,1,0,0,0,0,0,0,0,0,86066
2019-10,Puerto Rico,0,0,1892,161,79,31,0,0,0,0,22,4,0,0,0,0,0,0,0,0,0,0,0,0,2189
2019-10,Rhode Island,0,0,942,698,66,188,0,0,0,0,0,6,0,57,68,8,0,0,10,5,1,0,1,0,2050
2019-10,South Carolina,8427,205,8542,6648,623,465,5,13,7,0,978,590,4,158,21,1,0,0,11,7,1,0,1,0,26707
2019-10,South Dakota,579,2,2216,5161,215,205,0,1,3,0,128,236,0,0,0,0,0,0,8,27,2,0,0,0,8783
2019-10,Tennessee,5513,817,21973,15268,1342,0,0,0,0,0,2,2,0,93,5,0,0,0,0,0,0,0,0,0,45015
2019-10,Texas,28826,0,41994,33957,3423,2464,1,74,44,3,6226,4030,49,75,1,0,0,0,64,54,6,1,4,3,121299
2019-10,Utah,11721,56857,2898,3819,312,0,0,5,5,0,228,341,0,119,31,25,0,0,0,0,0,0,0,0,76361
2019-10,Vermont,0,0,1283,1860,103,83,4,0,1,0,2,4,0,0,0,0,0,0,2,6,0,0,0,0,3348
2019-10,Virgin Islands,128,0,21,1,0,0,0,0,0,0,0,0,0,0,0,0,0,0,0,0,0,0,0,0,150
2019-10,Virginia,497,488,20887,15388,3146,2,0,0,0,0,0,0,0,72,10,0,0,0,0,0,0,0,0,0,40490
2019-10,Washington,13310,486,13948,9851,2574,40,12,6,68,4,361,973,10,550,118,14,0,0,275,307,72,0,5,0,42984
2019-10,West Virginia,3309,119,5026,6883,274,380,0,6,9,0,1009,1195,0,8,1,2,0,0,11,5,2,0,0,0,18239
2019-10,Wisconsin,8506,758,13148,15376,1028,46,0,0,1,8,118,244,5,116,35,4,0,0,0,2,0,0,0,0,39395
2019-10,Wyoming,479,19,1594,2368,142,103,0,2,4,1,130,216,1,0,0,0,0,0,2,4,0,0,2,0,5067
2019-09,Alabama,23674,605,14259,12550,1100,801,0,25,15,2,2454,1296,12,1,0,0,0,0,35,31,10,1,1,0,56872
2019-09,Alaska,200,11,2276,2766,291,180,0,1,0,0,165,131,0,30,32,0,0,0,14,7,0,2,0,0,6106
2019-09,Arizona,4812,594,12126,7629,1441,896,0,9,6,3,1159,481,7,108,11,0,0,0,8,11,6,0,0,0,29307
2019-09,Arkansas,2995,720,4535,5063,392,336,2,14,12,0,1000,1190,3,0,0,0,0,0,11,12,0,0,0,0,16285
2019-09,California,37637,0,30776,22726,3524,0,129,0,0,0,435,305,8,0,0,0,0,0,0,0,0,0,0,0,95540
2019-09,Colorado,5583,0,14614,12289,1520,1015,1,0,0,0,0,0,0,255,54,2,0,0,0,0,0,0,0,0,35333
2019-09,Connecticut,5507,438,4115,1726,577,0,2,0,0,0,0,0,0,0,0,0,0,0,0,0,0,0,0,0,12365
2019-09,Delaware,207,0,1397,1378,134,62,0,0,1,0,5,11,0,81,0,0,0,0,52,22,5,1,0,0,3356
2019-09,District of Columbia,484,0,94,5,0,2,0,0,0,0,0,0,0,0,1,24,0,0,0,0,0,0,0,0,610
2019-09,Florida,14077,0,44565,18261,4154,2361,1,35,18,0,3688,1198,13,854,83,29,0,0,229,130,33,39,47,0,89815
2019-09,Georgia,17501,1,10415,7843,601,533,0,15,13,0,1689,1145,6,11,0,0,0,0,15,5,1,0,0,0,39794
2019-09,Guam,0,0,123,58,17,11,0,0,0,0,0,0,0,0,0,0,0,0,0,0,0,0,0,0,209
2019-09,Hawaii,967,0,0,0,0,0,0,0,0,0,0,0,0,1,1,0,0,0,0,0,0,0,0,0,969
2019-09,Idaho,5828,4,3645,4776,395,229,0,8,11,0,334,491,1,59,13,7,0,0,1,13,1,0,2,0,15818
2019-09,Illinois,13011,442109,17639,9512,0,891,0,0,0,0,0,0,0,0,0,0,0,0,0,0,0,0,0,0,483162
2019-09,Indiana,504,42656,15291,10734,1680,813,38,8,3,2,598,436,18,19,0,0,0,0,50,65,30,3,3,0,72951
2019-09,Iowa,4288,5258,131,2288,31,7,0,0,0,0,1,36,0,23,15,1,0,0,0,1,0,0,1,0,12081
2019-09,Kansas,1048,11,4405,4322,477,264,0,13,11,3,579,260,10,33,9,2,0,0,14,7,4,0,1,0,11473
2019-09,Kentucky,1675,265396,8526,6502,489,527,0,19,19,0,1675,1157,1,13,12,0,0,0,26,20,4,0,2,1,286064
2019-09,Louisiana,1784,80,8996,9417,786,632,0,7,9,0,930,782,12,0,0,0,0,0,12,14,2,0,0,0,23463
2019-09,Maine,441,4,2919,4439,265,211,1,0,1,0,70,99,1,26,17,0,0,0,4,9,2,0,1,0,8510
2019-09,Mariana Islands,0,0,6,10,0,0,0,0,0,0,0,0,0,0,0,0,0,0,0,0,0,0,0,0,16
2019-09,Maryland,3189,10,2981,4714,131,39,0,1,2,0,64,131,1,64,31,0,0,0,0,25,2,1,0,0,11386
2019-09,Massachusetts,10377,0,3523,2370,468,150,7,0,1,0,10,2,1,2,0,0,0,0,38,37,4,1,0,0,16991
2019-09,Michigan,15531,3693,9135,11241,767,239,1,2,4,0,9,225,2,53,12,0,0,0,3,7,1,0,0,0,40925
2019-09,Minnesota,10138,20054,8131,14379,870,487,0,3,3,1,204,356,3,50,15,3,0,0,15,21,0,0,0,0,54733
2019-09,Mississippi,1691,0,6384,5653,380,345,0,14,8,1,1473,987,4,24,3,0,0,0,3,4,0,0,0,0,16974
2019-09,Missouri,2953,0,15032,13663,1559,1008,0,14,7,1,1412,901,9,225,32,2,0,0,37,54,10,4,1,0,36924
2019-09,Montana,1129,0,2651,4533,270,237,17,8,9,1,374,803,1,27,5,1,0,0,7,16,1,1,0,0,10091
2019-09,Nebraska,3234,48,63,1631,23,2,0,0,1,0,2,39,1,10,5,0,0,0,0,6,0,0,0,0,5065
2019-09,Nevada,1826,0,3985,2467,297,267,0,1,0,0,279,140,1,0,0,0,0,0,18,4,0,0,0,0,9285
2019-09,New Hampshire,1192,1,4458,2948,190,0,15,0,20,0,0,18,0,90,6,0,0,0,0,2,0,0,0,0,8940
2019-09,New Jersey,0,0,3760,3285,218,0,0,0,0,0,0,0,0,0,0,0,0,0,50,55,1,0,2,1,7372
2019-09,New Mexico,737,0,5517,3752,601,319,0,17,17,1,378,434,1,34,0,0,0,0,28,11,2,0,1,0,11850
2019-09,New York,3219,2026,8316,16334,1417,225,0,1,5,1,34,43,9,39,56,0,2,5,299,265,16,5,15,0,32332
2019-09,North Carolina,21099,136,1306,10756,941,211,0,14,15,1,1795,1424,6,467,88,15,8,3,7,10,2,0,1,0,38305
2019-09,North Dakota,227,35,1489,3300,134,107,9,1,0,0,45,86,1,2,0,0,0,0,3,15,0,0,1,0,5455
2019-09,Ohio,10321,154,17083,13048,1534,936,0,7,8,2,1039,442,11,91,16,12,0,0,32,23,7,1,0,0,44767
2019-09,Oklahoma,3284,0,8852,7851,1127,850,1,16,13,1,1762,1363,9,7,0,0,0,0,35,21,8,0,3,0,25203
2019-09,Oregon,4537,695,12140,10443,0,6,3,0,0,0,0,0,0,114,70,0,0,0,0,0,0,0,0,0,28008
2019-09,Pennsylvania,21942,0,40203,14471,33,0,284,0,0,0,0,0,0,595,102,0,0,0,0,0,0,0,0,0,77630
2019-09,Puerto Rico,0,0,1554,191,85,29,0,0,0,0,10,8,1,0,0,0,0,0,0,0,0,0,0,0,1878
2019-09,Rhode Island,0,0,837,649,74,167,0,0,0,0,3,0,0,29,56,3,0,0,12,6,2,2,2,0,1842
2019-09,South Carolina,7673,169,7420,5455,689,328,3,14,4,0,867,498,1,123,16,0,0,0,17,3,0,0,0,0,23280
2019-09,South Dakota,583,6,2068,3640,168,132,0,2,3,0,119,193,0,0,0,0,0,0,5,11,1,1,0,0,6932
2019-09,Tennessee,4246,913,20638,13292,1314,0,0,0,0,0,0,1,0,58,6,0,0,0,0,0,0,0,0,0,40468
2019-09,Texas,27236,0,42688,35840,3736,2477,4,78,47,5,5922,3435,38,59,4,0,0,0,79,58,10,2,0,0,121718
2019-09,Utah,8999,56706,2892,3430,322,0,0,2,9,0,231,296,1,138,33,25,0,0,0,0,0,0,0,0,73084
2019-09,Vermont,0,0,1175,1559,154,81,4,0,0,0,3,4,2,0,0,0,0,0,6,3,0,0,0,0,2991
2019-09,Virgin Islands,89,0,26,2,0,0,0,0,0,0,0,0,0,0,0,0,0,0,0,0,0,0,0,0,117
2019-09,Virginia,573,331,19517,13336,3231,0,0,0,0,0,0,0,0,62,9,0,0,0,0,0,0,0,0,0,37059
2019-09,Washington,11495,202,12977,8424,2581,42,52,1,85,7,315,816,18,463,92,17,0,0,210,249,65,8,9,2,38130
2019-09,West Virginia,5232,147,4581,5149,339,305,0,11,12,0,934,1003,5,3,1,3,0,0,7,4,1,2,1,0,17740
2019-09,Wisconsin,7833,696,12339,13865,980,54,0,0,2,11,121,224,5,89,38,3,0,0,0,18,0,0,0,0,36278
2019-09,Wyoming,669,6,1595,2274,147,109,1,0,3,0,125,240,2,0,1,0,0,0,0,2,1,0,1,0,5176
2019-08,Alabama,29437,886,18831,12672,1379,1023,0,42,15,2,3450,1547,15,0,0,0,0,0,42,29,4,2,1,0,69377
2019-08,Alaska,51,12,2593,3137,319,224,0,0,1,1,190,179,3,27,26,0,0,0,7,26,0,0,0,0,6796
2019-08,Arizona,6095,543,14272,8281,1495,1014,0,14,5,2,1333,625,5,122,15,2,0,0,16,7,3,1,1,0,33851
2019-08,Arkansas,3397,705,5267,5445,386,407,1,16,15,0,1245,1379,5,0,0,0,0,0,10,23,1,0,1,0,18303
2019-08,California,26631,0,36607,25247,3837,0,5897,0,0,0,542,371,14,0,0,0,0,0,0,0,0,0,0,0,99146
2019-08,Colorado,6188,0,17237,12352,1522,1161,0,0,0,0,0,0,0,249,44,2,0,0,0,0,0,0,0,0,38755
2019-08,Connecticut,5606,417,4806,1785,712,0,0,0,0,0,0,0,0,0,0,0,0,0,0,0,0,0,0,0,13326
2019-08,Delaware,167,0,1630,1383,133,78,0,4,1,0,10,11,0,46,0,0,0,0,42,32,6,4,0,0,3547
2019-08,District of Columbia,228,0,101,5,0,1,1,0,0,0,0,0,0,0,0,50,0,0,0,0,0,0,0,0,386
2019-08,Florida,19468,0,54215,18910,4711,2632,0,38,11,0,4436,1381,15,842,118,14,0,0,271,137,41,32,45,1,107318
2019-08,Georgia,20151,0,12501,8234,711,589,0,33,19,1,1988,1218,7,0,0,0,0,0,48,7,0,0,1,0,45508
2019-08,Guam,0,0,128,95,18,7,0,0,0,0,0,0,0,0,0,0,0,0,0,0,0,0,0,0,248
2019-08,Hawaii,1021,0,0,0,0,0,0,0,0,0,0,0,0,1,3,0,0,0,0,0,0,0,0,0,1025
2019-08,Idaho,6159,1,4039,4604,403,252,0,3,7,0,424,441,3,44,13,0,0,0,7,11,0,0,0,0,16411
2019-08,Illinois,13542,448997,19105,9281,0,790,0,0,0,0,0,0,0,0,0,0,0,0,0,0,0,0,0,0,491715
2019-08,Indiana,1140,37531,19883,11389,1756,854,31,14,9,3,794,455,18,16,2,0,0,0,39,33,44,3,6,2,74022
2019-08,Iowa,4674,4822,144,1985,32,5,0,0,0,0,4,55,0,32,5,0,0,0,0,2,0,0,0,0,11760
2019-08,Kansas,1281,6,5240,4730,509,357,0,9,7,1,684,331,10,39,10,0,0,0,5,5,3,0,0,0,13227
2019-08,Kentucky,1628,291623,10802,6592,475,592,1,32,27,0,2070,1416,3,14,14,0,0,0,33,22,3,0,1,0,315348
2019-08,Louisiana,1959,93,10016,8147,892,637,0,9,10,1,1131,844,10,0,0,0,0,0,15,15,1,0,0,0,23780
2019-08,Maine,462,3,3054,3398,307,204,0,0,1,0,106,102,0,23,14,0,0,0,3,6,3,0,0,0,7686
2019-08,Mariana Islands,0,0,4,4,0,1,0,0,0,0,0,0,0,0,0,0,0,0,0,0,0,0,0,0,9
2019-08,Maryland,3364,12,3518,4472,126,35,0,0,5,3,78,102,0,56,35,0,0,0,0,14,1,0,2,0,11823
2019-08,Massachusetts,10965,2,4788,2609,461,228,29,1,2,1,4,8,2,4,1,0,0,0,33,35,15,0,1,0,19189
2019-08,Michigan,18954,1316,9724,8698,706,220,12,1,5,0,11,227,4,63,13,0,0,0,7,5,0,0,1,0,39967
2019-08,Minnesota,10745,20927,8510,11265,914,476,0,2,6,0,257,335,1,75,19,8,0,0,15,13,2,0,1,0,53571
2019-08,Mississippi,1669,0,9042,7144,492,551,0,30,12,1,1797,1186,5,5,3,0,0,0,7,5,1,1,0,0,21951
2019-08,Missouri,2895,0,18605,14755,1809,1136,0,14,8,0,1745,1010,10,269,18,3,0,0,61,64,8,2,1,0,42413
2019-08,Montana,1255,0,2945,3956,270,251,10,8,12,1,425,764,2,14,9,0,0,0,4,5,0,0,0,0,9931
2019-08,Nebraska,3507,81,91,1600,25,2,0,0,0,0,4,51,0,31,3,0,0,0,0,1,0,0,0,0,5396
2019-08,Nevada,2086,0,4896,2596,385,285,0,0,0,0,385,123,3,0,0,0,0,0,14,9,0,0,0,0,10782
2019-08,New Hampshire,1318,1,5168,2744,225,0,43,0,18,0,0,14,0,72,10,2,0,0,0,1,0,1,0,0,9617
2019-08,New Jersey,0,0,4061,3341,196,0,0,0,0,0,0,0,0,0,0,0,0,0,72,49,1,0,1,0,7721
2019-08,New Mexico,891,0,6932,4000,597,374,0,14,9,2,484,488,2,45,0,0,0,0,43,25,0,0,0,0,13906
2019-08,New York,2796,1700,7995,11563,1224,240,0,1,1,2,48,38,5,22,47,2,2,5,261,256,10,2,7,0,26227
2019-08,North Carolina,24648,98,1724,11474,1225,238,214,18,21,3,2213,1802,17,553,133,5,13,8,11,18,2,0,0,0,44438
2019-08,North Dakota,298,4,1656,2792,154,103,10,2,1,0,85,99,2,0,0,0,0,0,8,13,1,0,0,0,5228
2019-08,Ohio,11005,115,22222,12658,1901,1006,1,16,8,1,1229,623,9,82,10,8,0,0,38,26,2,1,2,0,50963
2019-08,Oklahoma,3837,0,10823,8668,1266,952,11,27,15,2,2112,1555,10,0,0,0,0,0,26,31,12,1,1,1,29350
2019-08,Oregon,4885,795,13926,9496,0,14,0,0,0,0,0,0,0,150,62,0,0,0,0,0,0,0,0,0,29328
2019-08,Pennsylvania,25460,0,43559,13314,45,0,260,0,0,0,0,0,0,594,113,1,0,0,0,0,0,0,0,0,83346
2019-08,Puerto Rico,0,0,2135,233,67,23,0,1,1,1,14,8,0,0,0,0,0,0,1,0,0,1,1,0,2486
2019-08,Rhode Island,0,0,954,618,80,158,0,0,0,0,6,1,0,32,26,4,0,0,9,3,0,2,2,0,1895
2019-08,South Carolina,8337,175,9423,6241,833,455,0,8,5,1,1107,567,4,145,8,0,0,0,27,13,3,0,1,1,27354
2019-08,South Dakota,553,4,2367,3343,195,124,0,2,1,0,163,210,0,0,0,0,0,0,2,4,1,0,2,0,6971
2019-08,Tennessee,4256,345,25754,14536,1540,0,4,0,0,0,2,0,0,89,7,0,0,0,0,0,0,0,0,0,46533
2019-08,Texas,29242,0,49804,36943,3855,2652,1,90,61,6,6867,3853,47,75,11,1,0,0,76,47,11,3,2,0,133647
2019-08,Utah,10682,56857,2976,3002,340,0,0,3,10,1,273,307,0,146,64,38,0,0,0,0,0,0,0,0,74699
2019-08,Vermont,0,0,1371,1320,156,68,3,0,0,0,2,6,2,0,0,0,0,0,4,4,0,0,0,0,2936
2019-08,Virgin Islands,125,0,21,3,0,0,0,0,0,0,0,0,0,0,0,0,0,0,0,0,0,0,0,0,149
2019-08,Virginia,946,231,23429,13458,3324,0,0,0,0,0,0,0,0,60,9,0,0,0,0,0,0,0,0,0,41457
2019-08,Washington,13289,215,13689,7551,2632,47,4,2,147,3,420,824,18,511,135,9,0,0,334,227,74,12,1,0,40144
2019-08,West Virginia,2748,150,5846,4737,339,371,1,8,6,1,1214,1055,2,9,1,1,0,0,5,6,0,0,1,0,16501
2019-08,Wisconsin,8235,582,13127,11622,1009,64,0,0,2,7,163,217,3,79,26,2,0,0,0,8,0,0,0,0,35146
2019-08,Wyoming,288,15,1767,2004,166,119,1,4,3,0,178,197,3,0,0,0,0,0,4,2,2,1,0,0,4754
2019-07,Alabama,33116,865,8711,5851,410,353,0,19,14,1,1525,854,4,0,0,0,0,0,20,9,4,0,1,0,51757
2019-07,Alaska,167,24,2172,2139,247,151,0,0,0,0,173,147,1,26,22,0,0,0,11,15,2,1,0,0,5298
2019-07,Arizona,5181,489,11005,5995,1203,651,0,18,3,2,1137,485,4,113,9,0,0,0,13,12,5,0,0,0,26325
2019-07,Arkansas,2687,645,4049,3487,289,305,5,8,17,1,1097,1077,3,0,0,0,0,0,5,8,1,0,0,0,13684
2019-07,California,27930,0,30400,20830,3485,0,6259,0,0,0,382,242,4,0,0,0,0,0,0,0,0,0,0,0,89532
2019-07,Colorado,6156,0,15550,9601,1238,916,1,0,0,0,0,0,0,292,57,1,0,0,0,0,0,0,0,0,33812
2019-07,Connecticut,6838,477,4235,1403,409,0,0,0,0,0,0,0,0,0,0,0,0,0,0,0,0,0,0,0,13362
2019-07,Delaware,227,0,1410,936,107,65,0,2,3,0,12,9,0,41,0,3,0,0,40,12,3,2,1,0,2873
2019-07,District of Columbia,250,0,105,4,0,3,0,0,0,0,0,0,0,0,0,13,0,0,0,0,0,0,0,0,375
2019-07,Florida,14674,0,43914,13570,3307,1968,3,27,10,0,3953,1027,12,1006,116,6,0,0,212,108,29,43,39,0,84024
2019-07,Georgia,16348,0,9663,5261,476,394,0,22,7,1,1663,917,5,2,2,0,0,0,19,6,1,0,0,0,34787
2019-07,Guam,0,0,121,57,14,8,0,0,0,0,0,0,0,0,0,0,0,0,0,0,0,0,0,0,200
2019-07,Hawaii,1040,0,0,0,0,0,0,0,0,0,0,0,0,2,3,0,0,0,0,0,0,0,0,0,1045
2019-07,Idaho,11449,0,3504,3341,311,179,0,8,9,1,364,401,0,42,9,6,0,0,4,8,0,0,1,0,19637
2019-07,Illinois,10764,405293,15782,6889,0,730,0,0,0,0,0,0,0,0,0,0,0,0,0,0,0,0,0,0,439458
2019-07,Indiana,534,36096,13982,7568,1225,583,26,8,6,1,609,359,22,24,2,1,0,0,50,35,6,0,2,0,61139
2019-07,Iowa,3935,6072,113,1264,29,4,0,0,1,0,2,41,0,32,10,0,0,0,1,3,0,0,0,0,11507
2019-07,Kansas,1635,3,4255,3203,417,260,0,11,1,1,548,246,6,41,14,2,0,0,9,6,3,0,1,0,10662
2019-07,Kentucky,1627,301200,8059,4658,370,451,0,34,14,1,1680,1115,1,17,14,0,0,0,21,7,0,0,1,0,319270
2019-07,Louisiana,1781,119,7646,5110,624,399,0,7,4,1,1066,597,6,1,0,0,0,0,13,7,1,2,1,0,17385
2019-07,Maine,412,3,2322,2161,190,135,2,0,1,0,80,96,1,22,6,0,0,0,2,3,0,1,0,0,5437
2019-07,Mariana Islands,0,0,5,8,0,0,0,0,0,0,0,0,0,0,0,0,0,0,0,0,0,0,0,0,13
2019-07,Maryland,3248,17,3082,3162,84,50,0,4,3,0,71,92,0,35,14,0,0,0,0,23,0,4,2,0,9891
2019-07,Massachusetts,9084,0,3711,1886,387,132,7,0,0,1,12,2,0,0,0,0,0,0,19,20,8,3,0,0,15272
2019-07,Michigan,17643,8,7396,5571,538,164,0,0,0,0,8,174,0,65,16,1,0,0,11,12,0,0,0,0,31607
2019-07,Minnesota,7939,19570,6938,6575,610,289,0,4,5,0,205,236,3,47,14,3,0,0,6,8,2,0,0,0,42454
2019-07,Mississippi,1694,0,5769,3476,313,302,0,16,11,1,1474,829,1,5,1,0,0,0,16,5,2,1,2,0,13918
2019-07,Missouri,2602,0,14131,10224,1249,787,0,13,10,1,1434,819,12,254,26,4,0,0,38,17,2,3,1,0,31627
2019-07,Montana,1018,0,2615,3045,192,209,10,5,6,0,404,567,1,24,5,3,0,0,3,1,0,0,1,1,8110
2019-07,Nebraska,2736,77,80,1047,19,1,0,0,0,0,8,38,0,28,10,0,0,0,0,0,0,0,0,0,4044
2019-07,Nevada,1917,0,3852,1891,313,240,0,0,0,0,299,104,0,2,0,0,0,0,13,4,0,0,0,0,8635
2019-07,New Hampshire,1169,0,3874,1996,217,0,81,0,15,0,0,13,0,63,8,3,0,0,0,0,0,0,0,0,7439
2019-07,New Jersey,0,0,4160,2590,211,0,0,0,0,0,0,0,0,1,0,0,0,0,53,31,1,1,0,1,7049
2019-07,New Mexico,777,0,5219,3365,458,379,0,9,11,0,404,417,0,54,0,0,0,0,16,14,2,3,0,0,11128
2019-07,New York,3060,2435,7051,8051,1055,214,0,0,1,0,26,30,0,31,66,1,1,4,245,175,12,4,8,1,22471
2019-07,North Carolina,22769,118,1265,7650,806,185,0,13,16,1,1870,1358,12,500,85,12,7,5,7,10,2,1,2,0,36694
2019-07,North Dakota,302,0,1219,1942,111,72,13,3,1,0,37,76,2,1,0,0,0,0,9,5,1,0,0,0,3794
2019-07,Ohio,10259,116,15931,9342,1203,748,1,10,3,2,990,436,10,67,13,12,0,0,36,22,3,2,0,0,39206
2019-07,Oklahoma,3249,0,8752,5997,923,779,11,9,11,0,1676,1290,8,0,0,0,0,0,28,12,7,1,1,0,22754
2019-07,Oregon,4178,765,11746,7572,0,6,3,0,0,0,0,0,0,164,59,0,0,0,0,0,0,0,0,0,24493
2019-07,Pennsylvania,21201,0,33850,10017,27,0,242,0,0,0,0,0,0,625,89,1,0,0,0,0,0,0,0,0,66052
2019-07,Puerto Rico,0,0,1958,192,119,28,0,1,0,0,16,3,0,0,0,0,0,0,0,0,0,0,0,0,2317
2019-07,Rhode Island,0,0,788,479,73,125,0,0,0,0,3,2,0,27,49,1,0,0,7,2,0,2,3,0,1561
2019-07,South Carolina,8181,216,7274,3667,696,331,1,18,7,0,884,410,5,172,10,0,0,0,7,6,1,0,0,0,21886
2019-07,South Dakota,478,0,2057,2214,159,106,0,2,0,0,152,145,2,0,0,0,0,0,2,5,1,0,0,0,5323
2019-07,Tennessee,12773,1,19494,10191,1116,0,0,0,0,0,0,0,0,64,8,0,0,0,0,0,0,0,0,0,43647
2019-07,Texas,21477,0,34215,21520,3002,1887,2,71,46,5,5676,3098,34,63,4,0,0,0,43,32,5,1,1,1,91183
2019-07,Utah,14092,55855,2558,2495,269,0,0,1,1,1,265,248,0,152,49,16,0,0,0,0,0,0,0,0,76002
2019-07,Vermont,0,0,1005,978,122,62,5,0,0,0,3,3,0,0,0,0,0,0,1,4,0,0,0,0,2183
2019-07,Virgin Islands,25,0,45,5,0,0,0,0,0,0,0,0,0,0,0,0,0,0,0,0,0,0,0,0,75
2019-07,Virginia,670,151,19139,9731,2757,0,0,0,0,0,0,0,0,56,8,1,0,0,0,0,0,0,0,0,32513
2019-07,Washington,13468,217,12636,5788,2716,39,14,1,150,7,256,693,20,638,170,17,0,0,327,211,66,2,3,0,37439
2019-07,West Virginia,1951,84,4289,3610,229,292,0,8,6,1,958,823,1,10,0,1,0,0,18,6,0,2,0,0,12289
2019-07,Wisconsin,6733,541,9938,6714,746,48,0,0,0,5,126,184,3,94,32,0,0,0,0,6,0,0,0,0,25170
2019-07,Wyoming,790,7,1528,1587,136,101,1,5,2,0,144,161,2,0,0,0,0,0,1,2,0,0,2,0,4469
2019-06,Alabama,28449,499,6947,4521,298,432,0,19,14,2,1004,686,4,0,0,0,0,0,10,11,1,0,0,1,42898
2019-06,Alaska,251,6,2465,2000,239,182,0,0,0,0,202,130,3,29,22,0,0,0,14,12,2,0,0,0,5557
2019-06,Arizona,5371,438,11375,5931,1309,656,0,14,6,1,1059,442,5,97,11,4,0,0,13,7,5,2,0,0,26746
2019-06,Arkansas,2690,559,4653,3214,292,458,8,11,14,0,978,1055,2,0,0,0,0,0,9,10,1,0,2,0,13956
2019-06,California,39303,0,38712,27050,4856,0,5040,0,0,0,578,437,11,0,0,0,0,0,0,0,0,0,0,0,115987
2019-06,Colorado,5983,0,16013,10215,1360,913,0,0,0,0,0,0,0,250,39,0,0,0,0,0,0,0,0,0,34773
2019-06,Connecticut,7368,395,4296,1449,533,0,0,0,0,0,0,0,0,0,0,0,0,0,0,0,0,0,0,0,14041
2019-06,Delaware,610,0,1364,907,122,45,0,1,1,0,13,7,0,65,0,0,0,0,39,22,4,1,3,0,3204
2019-06,District of Columbia,172,0,113,3,0,2,1,0,0,0,0,0,0,0,0,14,0,0,0,0,0,0,0,0,305
2019-06,Florida,15427,0,44378,13576,3642,2484,0,31,13,1,3714,1014,7,876,111,10,0,0,197,108,39,52,49,1,85730
2019-06,Georgia,14858,0,10549,5425,566,780,0,18,7,0,1739,939,14,0,0,0,0,0,10,5,0,0,0,0,34910
2019-06,Guam,0,0,123,46,8,4,0,0,0,0,0,0,0,0,0,0,0,0,0,0,0,0,0,0,181
2019-06,Hawaii,856,0,0,0,0,0,0,0,0,0,0,0,0,0,1,0,0,0,0,0,0,0,0,0,857
2019-06,Idaho,8977,4,3599,3611,367,196,0,7,6,0,346,363,1,33,3,6,0,0,13,6,0,0,3,0,17541
2019-06,Illinois,12246,335793,17041,7321,0,765,0,0,0,0,0,0,0,0,0,0,0,0,0,0,0,0,0,0,373166
2019-06,Indiana,168,247044,15272,7963,1368,705,23,7,4,2,614,349,17,14,0,0,0,0,46,22,36,2,4,0,273660
2019-06,Iowa,3669,5749,117,1299,20,4,0,0,0,0,1,32,0,24,12,3,0,0,0,3,0,0,0,0,10933
2019-06,Kansas,1860,6,4133,2981,453,362,0,2,4,0,514,237,23,27,4,0,0,0,6,7,1,2,0,0,10622
2019-06,Kentucky,150731,202171,8520,4608,384,514,5,23,14,1,1588,995,1,18,19,0,0,0,14,14,1,0,1,0,369622
2019-06,Louisiana,1870,75,7874,4613,673,812,0,11,5,1,960,581,3,0,0,0,0,0,13,15,2,1,0,0,17509
2019-06,Maine,497,5,2616,2091,236,156,2,2,0,0,79,85,1,12,9,0,0,0,12,5,0,0,1,0,5809
2019-06,Mariana Islands,0,0,8,9,1,0,0,0,0,0,0,0,0,0,0,0,0,0,0,0,0,0,0,0,18
2019-06,Maryland,2956,6,3097,3377,98,34,0,3,3,0,59,95,2,57,30,0,0,0,0,21,1,0,0,0,9839
